"Day","Component","Status","Points","MaxPoints"
"Day 1","README.md","PASS","10","10"
"Day 1","Learning-Journey.md","PASS","10","10"
"Day 1","Project Plan Document","PASS","15","15"
"Day 1","Git Repository","PASS","5","5"
"Day 1","Project Structure","PASS","10","10"
"Day 2","HTML5 Structure","PASS","15","15"
"Day 2","CSS Styling","PASS","15","15"
"Day 2","Responsive Design","PASS","10","10"
"Day 2","Modern CSS Features","PASS","10","10"
"Day 2","Professional Layout","PASS","10","10"
"Day 3","JavaScript File","PASS","10","10"
"Day 3","DOM Manipulation","PASS","15","15"
"Day 3","Interactive Elements","PASS","10","10"
"Day 3","Event Handling","PASS","10","10"
"Day 3","Modern JavaScript","PASS","15","15"
"Day 4","API Integration Code","PASS","20","20"
"Day 4","Error Handling","PASS","15","15"
"Day 4","Data Display","PASS","10","10"
"Day 4","Loading States","PASS","10","10"
"Day 4","Mock/Real Data","PASS","5","5"
"Day 5","Advanced CSS Animations","PASS","15","15"
"Day 5","Code Organization","PASS","15","15"
"Day 5","Performance Features","PASS","10","10"
"Day 5","Additional Features","PASS","10","10"
"Day 5","Browser Compatibility","FAIL","0","10"
"Day 6","Code Comments","PASS","10","10"
"Day 6","Code Quality","PASS","10","10"
"Day 6","Testing Evidence","PASS","10","10"
"Day 6","Deployment Readiness","PASS","20","20"
"Day 6","Final Polish","PASS","10","10"
"Day 7","Deployment Configuration","PASS","15","15"
"Day 7","Enhanced API Module","PASS","15","15"
"Day 7","Authentication Features","PASS","15","15"
"Day 7","Deployment Documentation","FAIL","0","10"
"Day 7","Production Optimizations","PASS","15","15"
"Day 7","Complete Project","PASS","10","10"
